epoch;binary_accuracy;loss;val_binary_accuracy;val_loss
0;0.9381725788116455;5587988992.0;0.9758031964302063;0.07293710857629776
1;0.9669125080108643;0.09480748325586319;0.9790509343147278;0.06739584356546402
2;0.9687970876693726;0.09060253202915192;0.9811077117919922;0.06482148170471191
3;0.970346212387085;0.08747055381536484;0.9820541143417358;0.06251875311136246
4;0.9718295931816101;0.08457843214273453;0.9835342764854431;0.06105939671397209
5;0.9732177257537842;0.08192576467990875;0.984192430973053;0.059461623430252075
6;0.9745378494262695;0.07936180382966995;0.9851195216178894;0.057960327714681625
7;0.9757727980613708;0.07696734368801117;0.9857557415962219;0.05560050532221794
8;0.9768978357315063;0.07499982416629791;0.987208902835846;0.056179337203502655
9;0.9779582023620605;0.0728655606508255;0.9873990416526794;0.053825508803129196
10;0.978920042514801;0.07084127515554428;0.9874807000160217;0.05227266252040863
11;0.9798057079315186;0.06901493668556213;0.9876425862312317;0.0512932725250721
12;0.9806181788444519;0.06734692305326462;0.9879817962646484;0.05049702152609825
13;0.9813513159751892;0.06578893959522247;0.9881830215454102;0.0496034249663353
14;0.9820170402526855;0.06433992832899094;0.9884536862373352;0.048916056752204895
15;0.9826216697692871;0.06302160769701004;0.9884855151176453;0.048051558434963226
16;0.9831708669662476;0.06176244840025902;0.9885330200195312;0.047311436384916306
17;0.9836629033088684;0.0606335885822773;0.9885778427124023;0.04659395292401314
18;0.984108030796051;0.05953705310821533;0.9886547327041626;0.046529728919267654
19;0.9845123291015625;0.05855730548501015;0.9886547327041626;0.04566797614097595
20;0.9848750233650208;0.057634565979242325;0.9886743426322937;0.04550420865416527
21;0.985199511051178;0.05679336562752724;0.9886764287948608;0.04494110867381096
22;0.9854943752288818;0.055972181260585785;0.9886763095855713;0.04451289772987366
23;0.9857615828514099;0.05522214248776436;0.9886767864227295;0.04442182928323746
24;0.9860013127326965;0.05452359840273857;0.9886766672134399;0.04382359981536865
25;0.9862170219421387;0.053884107619524;0.9886767864227295;0.04356182739138603
26;0.9864100813865662;0.05327613279223442;0.9886767864227295;0.0434584878385067
27;0.9865825176239014;0.05270903930068016;0.9886767864227295;0.04366937279701233
28;0.9867473840713501;0.052157171070575714;0.9886767864227295;0.04318754002451897
29;0.9868873357772827;0.05164200812578201;0.9886767864227295;0.04304917901754379
30;0.987021803855896;0.05116773769259453;0.9886767864227295;0.04255575314164162
31;0.9871390461921692;0.05070442333817482;0.9886767864227295;0.042499981820583344
32;0.9872459769248962;0.05028574913740158;0.9886767864227295;0.042287927120923996
33;0.9873427748680115;0.049913980066776276;0.9886767864227295;0.042220309376716614
34;0.9874287247657776;0.04951834678649902;0.9886767864227295;0.04212844744324684
35;0.9875110983848572;0.049174703657627106;0.9886767864227295;0.04198295995593071
36;0.9875838756561279;0.04880854859948158;0.9886767864227295;0.04190400615334511
37;0.9876490235328674;0.04851652309298515;0.9886766672134399;0.04218871146440506
38;0.9877088069915771;0.04821282625198364;0.9886767864227295;0.04169030115008354
39;0.9877654910087585;0.04793952777981758;0.9886767864227295;0.04164263606071472
40;0.9878149628639221;0.04766036942601204;0.9886767864227295;0.04150646924972534
41;0.9878557920455933;0.04740818962454796;0.9886767864227295;0.04153042286634445
42;0.9879035353660583;0.047142144292593;0.9886767864227295;0.04150183126330376
43;0.9879413843154907;0.046932343393564224;0.9886767864227295;0.04135478660464287
44;0.9879752397537231;0.046680059283971786;0.9886767864227295;0.04135728254914284
45;0.988010585308075;0.04646880552172661;0.9886767864227295;0.041253961622714996
46;0.9880402088165283;0.04626142233610153;0.9886766672134399;0.041346922516822815
47;0.9880713224411011;0.04606615751981735;0.9886767864227295;0.04125594720244408
48;0.9880995750427246;0.04586133733391762;0.9886767864227295;0.04110796004533768
49;0.9881258606910706;0.04569002613425255;0.9886767864227295;0.04117484763264656
50;0.9881498217582703;0.045505113899707794;0.9886766672134399;0.04109542816877365
51;0.9881756901741028;0.04532386362552643;0.9886767864227295;0.040970396250486374
52;0.9881972670555115;0.045156992971897125;0.9886767864227295;0.040995072573423386
53;0.9882188439369202;0.04499559476971626;0.9886767864227295;0.04087745398283005
54;0.9882352948188782;0.04484284296631813;0.9886767864227295;0.0409877747297287
55;0.9882612228393555;0.04467187821865082;0.9886767864227295;0.04085144028067589
56;0.9882776737213135;0.04451455548405647;0.9886767864227295;0.04080381244421005
57;0.98829585313797;0.04435625299811363;0.9886767864227295;0.040774013847112656
58;0.9883105158805847;0.04421812668442726;0.9886767864227295;0.04068046808242798
59;0.9883298873901367;0.04407626762986183;0.9886767864227295;0.04068997502326965
60;0.9883484244346619;0.04393638297915459;0.9886767864227295;0.04062492772936821
61;0.9883617758750916;0.04379748925566673;0.9886767864227295;0.040615446865558624
62;0.9883787631988525;0.043673012405633926;0.9886767864227295;0.040596213191747665
63;0.9883934259414673;0.04354088008403778;0.9886767864227295;0.04055901989340782
64;0.9884076118469238;0.043406225740909576;0.9886767864227295;0.04052778333425522
65;0.98842453956604;0.04330052435398102;0.9886766076087952;0.04037899896502495
66;0.9884358048439026;0.04317152500152588;0.9886764287948608;0.040311653167009354
67;0.9884498715400696;0.04305533319711685;0.9886767864227295;0.04050706699490547
68;0.9884631037712097;0.04293104633688927;0.9886766672134399;0.04032884165644646
69;0.9884771108627319;0.042827412486076355;0.9886764883995056;0.0402294285595417
70;0.9884912967681885;0.04270954430103302;0.9886772036552429;0.04023180156946182
71;0.9885008931159973;0.04260837659239769;0.9886766076087952;0.04020323231816292
72;0.9885129332542419;0.04250063747167587;0.9886766672134399;0.04014946147799492
73;0.9885244965553284;0.042392972856760025;0.9886789917945862;0.040024664252996445
74;0.9885338544845581;0.04229409620165825;0.9886780977249146;0.040016595274209976
75;0.988543689250946;0.042212869971990585;0.9886786937713623;0.04002894461154938
76;0.9885530471801758;0.04210851714015007;0.9886768460273743;0.03996661305427551
77;0.9885587096214294;0.042031385004520416;0.988678514957428;0.03994730859994888
78;0.9885679483413696;0.0419384203851223;0.9886771440505981;0.03997460752725601
79;0.988574743270874;0.041865311563014984;0.9886767864227295;0.03991052135825157
80;0.9885823130607605;0.04177374765276909;0.9886777400970459;0.039773933589458466
81;0.9885894656181335;0.041706688702106476;0.9886777400970459;0.03980473801493645
82;0.9885947108268738;0.04164082184433937;0.9886853098869324;0.039688341319561005
83;0.9886019229888916;0.04156774654984474;0.9886780977249146;0.039700452238321304
84;0.9886075258255005;0.041489120572805405;0.9886783361434937;0.039673082530498505
85;0.9886114597320557;0.04143029823899269;0.9886775016784668;0.039748627692461014
86;0.9886186122894287;0.04137185588479042;0.9886833429336548;0.03960118815302849
87;0.988623857498169;0.04131858050823212;0.9886838793754578;0.03958645090460777
88;0.988627552986145;0.041252318769693375;0.9886882901191711;0.03951967507600784
89;0.9886322617530823;0.04119722917675972;0.9886884689331055;0.03948180004954338
90;0.9886357188224792;0.041151031851768494;0.9886814951896667;0.03949831798672676
91;0.9886399507522583;0.041104935109615326;0.9886786937713623;0.03946501389145851
92;0.9886445999145508;0.041041310876607895;0.988690197467804;0.03934568911790848
93;0.9886464476585388;0.04100292548537254;0.9886798858642578;0.03942513093352318
94;0.9886491298675537;0.04096827656030655;0.9886818528175354;0.03938892483711243
95;0.988654375076294;0.04091869667172432;0.9886887669563293;0.03930264338850975
96;0.9886571168899536;0.04088069871068001;0.9886874556541443;0.03928044065833092
97;0.9886606931686401;0.04081840068101883;0.9886842966079712;0.03928795084357262
98;0.9886643886566162;0.0407794713973999;0.9886909127235413;0.039267487823963165
99;0.9886681437492371;0.04074201360344887;0.9886985421180725;0.039182692766189575
100;0.9886699318885803;0.040697138756513596;0.988685131072998;0.03919559344649315
101;0.988673746585846;0.040652692317962646;0.9886895418167114;0.03917940333485603
102;0.9886757731437683;0.04061463102698326;0.9886898994445801;0.03919683024287224
103;0.9886792302131653;0.040575407445430756;0.9886886477470398;0.03915197402238846
104;0.9886829853057861;0.04054958373308182;0.9886958003044128;0.039073821157217026
105;0.9886857271194458;0.04050609469413757;0.9887014031410217;0.03908444195985794
106;0.9886878132820129;0.04049398750066757;0.9887012839317322;0.03904557600617409
107;0.9886911511421204;0.040440186858177185;0.9887027144432068;0.038992129266262054
108;0.9886935353279114;0.04040415212512016;0.9886934757232666;0.0390150360763073
109;0.9886971116065979;0.040366869419813156;0.9887021780014038;0.03897175192832947
110;0.9886994361877441;0.04034010320901871;0.988714873790741;0.03890485689043999
111;0.9887023568153381;0.04030477628111839;0.988695502281189;0.03898876905441284
112;0.988702654838562;0.040380705147981644;0.9887200593948364;0.03898841515183449
113;0.9887094497680664;0.04030725732445717;0.9886947274208069;0.038999851793050766
114;0.9887106418609619;0.04026889428496361;0.9886847734451294;0.039023127406835556
115;0.9887139797210693;0.040219832211732864;0.9887041449546814;0.03890720382332802
116;0.9887182712554932;0.04017915204167366;0.988702654838562;0.03885883837938309
117;0.9887204766273499;0.040176812559366226;0.9886986017227173;0.03891049697995186
118;0.988725483417511;0.04014717414975166;0.9887182712554932;0.038787033408880234
119;0.9887269139289856;0.04008447006344795;0.9887043833732605;0.03879796713590622
120;0.9887291193008423;0.04004310443997383;0.9887218475341797;0.03872431069612503
121;0.988730251789093;0.0400192067027092;0.9887093901634216;0.03876884654164314
122;0.9887349009513855;0.03999609127640724;0.9887099266052246;0.03894975408911705
123;0.9887353181838989;0.039984237402677536;0.9887195229530334;0.03870152682065964
124;0.9887402057647705;0.039933256804943085;0.988724410533905;0.038740456104278564
125;0.9887406826019287;0.039914339780807495;0.9887223839759827;0.03863086178898811
126;0.9887441992759705;0.03989188373088837;0.9887461066246033;0.03860414773225784
127;0.9887444972991943;0.039875052869319916;0.9887282848358154;0.03870886564254761
128;0.9887459874153137;0.03984583169221878;0.9887088537216187;0.038698408752679825
129;0.9887477159500122;0.03983338177204132;0.9887166023254395;0.03860367834568024
130;0.9887499809265137;0.03979865461587906;0.9887440204620361;0.03856530413031578
131;0.9887527823448181;0.039775922894477844;0.9887440204620361;0.038565438240766525
132;0.9887532591819763;0.039755258709192276;0.98872971534729;0.03856765851378441
133;0.9887554049491882;0.03973753750324249;0.9887409210205078;0.038511186838150024
134;0.9887574911117554;0.03971217945218086;0.988730788230896;0.038510676473379135
135;0.9887576699256897;0.03970493748784065;0.9887396097183228;0.038827668875455856
136;0.9887586236000061;0.03972654789686203;0.9887295365333557;0.03849320486187935
137;0.988761842250824;0.03965391591191292;0.9887195229530334;0.03851281851530075
138;0.9887622594833374;0.03962726891040802;0.9887396693229675;0.038459066301584244
139;0.9887645840644836;0.03960626572370529;0.9887309074401855;0.03849748149514198
140;0.9887646436691284;0.03959653526544571;0.9887180328369141;0.03849413990974426
141;0.9887669086456299;0.03956231474876404;0.9887363910675049;0.03841719403862953
142;0.9887660145759583;0.039556119590997696;0.9887475967407227;0.0383840948343277
143;0.9887686371803284;0.03952857851982117;0.9887343645095825;0.038418546319007874
144;0.9887710809707642;0.03950492665171623;0.9887515306472778;0.03837287425994873
145;0.9887721538543701;0.03948642313480377;0.9887375831604004;0.038394488394260406
146;0.9887714385986328;0.03947645425796509;0.9887202382087708;0.03843454644083977
147;0.9887744188308716;0.03944854065775871;0.9887520670890808;0.03832676261663437
148;0.9887737035751343;0.03943852335214615;0.9887294769287109;0.03830323368310928
149;0.9887762069702148;0.03941531479358673;0.9887439608573914;0.03826110437512398
150;0.988777220249176;0.03939102962613106;0.9887419939041138;0.038295526057481766
151;0.9887762069702148;0.03939736261963844;0.9887403845787048;0.03830311447381973
152;0.9887793064117432;0.03936038166284561;0.9887586832046509;0.038262248039245605
153;0.9887819290161133;0.03933403640985489;0.9887546896934509;0.03820522129535675
154;0.9887807369232178;0.03931976482272148;0.9887685775756836;0.038192253559827805
155;0.9887822866439819;0.039309561252593994;0.988746166229248;0.0381963849067688
156;0.9887834787368774;0.039303768426179886;0.9887515306472778;0.03818048536777496
157;0.9887857437133789;0.03926471620798111;0.9887523055076599;0.03816875442862511
158;0.9887875914573669;0.03924861177802086;0.9887759685516357;0.03811948373913765
159;0.988787055015564;0.03922361880540848;0.9887682795524597;0.03813394159078598
160;0.9887893795967102;0.039199717342853546;0.9887754917144775;0.038098882883787155
161;0.988789975643158;0.03918430209159851;0.9887831807136536;0.038105882704257965
162;0.9887920618057251;0.0391729362308979;0.988747775554657;0.038136813789606094
163;0.9887933731079102;0.03914351016283035;0.9887717962265015;0.038065169006586075
164;0.9887943267822266;0.03912760317325592;0.9887788891792297;0.03806977719068527
165;0.9887956976890564;0.039110537618398666;0.9887875914573669;0.03797809034585953
166;0.9887967705726624;0.03908702731132507;0.9887709021568298;0.03803429752588272
167;0.9887970089912415;0.03907718509435654;0.9887562990188599;0.03805059567093849
168;0.988799512386322;0.03904515504837036;0.9887906312942505;0.03794819861650467
169;0.9887999296188354;0.03903942555189133;0.9887707233428955;0.03801066055893898
170;0.9888010025024414;0.039011020213365555;0.9887827038764954;0.03791189193725586
171;0.9888017177581787;0.0390031561255455;0.9887577295303345;0.03796485811471939
172;0.9888035655021667;0.03898274898529053;0.9887621998786926;0.03796333447098732
173;0.9888051748275757;0.03895457461476326;0.9887629747390747;0.03791577368974686
174;0.9888055324554443;0.03893950209021568;0.9887535572052002;0.03790627047419548
175;0.9888076782226562;0.03892199322581291;0.9887750744819641;0.037874989211559296
176;0.9888066053390503;0.03892206400632858;0.9887549877166748;0.0379229374229908
177;0.9888081550598145;0.038894686847925186;0.9887644648551941;0.0378790907561779
178;0.9888131022453308;0.038856495171785355;0.9887761473655701;0.03783130273222923
179;0.9888134598731995;0.038845501840114594;0.9887414574623108;0.03790360316634178
180;0.9888138175010681;0.038826752454042435;0.9887725710868835;0.03775940462946892
181;0.9888152480125427;0.03880765661597252;0.9887793064117432;0.03775491192936897
182;0.9888156652450562;0.03878770023584366;0.9887931942939758;0.0377349853515625
183;0.9888156056404114;0.03878267854452133;0.9887664318084717;0.037784069776535034
184;0.9888169169425964;0.03876032307744026;0.9887789487838745;0.03773897886276245
185;0.988819420337677;0.038741301745176315;0.9888047575950623;0.037677597254514694
186;0.9888182878494263;0.038733795285224915;0.9887738823890686;0.03769977390766144
187;0.9888210892677307;0.038707006722688675;0.9887723326683044;0.03769402205944061
188;0.9888210892677307;0.03870086744427681;0.9887712597846985;0.037700098007917404
189;0.9888197779655457;0.038680873811244965;0.988753616809845;0.03767738118767738
190;0.9888243675231934;0.03864655643701553;0.9887983798980713;0.03761404752731323
191;0.9888244867324829;0.03863327577710152;0.9887797832489014;0.0376107357442379
192;0.9888233542442322;0.038619861006736755;0.9887997508049011;0.03758106008172035
193;0.988824725151062;0.03859708830714226;0.9887597560882568;0.03760867193341255
194;0.9888261556625366;0.03858111426234245;0.9887745380401611;0.037540413439273834
195;0.9888269901275635;0.03856021910905838;0.9887803792953491;0.03754939138889313
196;0.9888274073600769;0.03854594752192497;0.9887470602989197;0.03767739608883858
197;0.9888274073600769;0.03853202983736992;0.9887719750404358;0.03752917796373367
198;0.9888278841972351;0.038504552096128464;0.9887890219688416;0.037475645542144775
199;0.9888294339179993;0.038496214896440506;0.9887879490852356;0.03745865076780319
200;0.9888293743133545;0.03847876191139221;0.9888151288032532;0.03754127025604248
201;0.9888238310813904;0.03855123370885849;0.9887662529945374;0.03748147189617157
202;0.9888254404067993;0.038575369864702225;0.9887866973876953;0.03752835467457771
203;0.9888266921043396;0.03854285553097725;0.9888011813163757;0.037428077310323715
204;0.9888306260108948;0.03846614062786102;0.988754153251648;0.03746616840362549
205;0.9888339638710022;0.03842030465602875;0.9887986779212952;0.03734177350997925
206;0.9888360500335693;0.03838343545794487;0.9887678027153015;0.03743593394756317
207;0.9888362288475037;0.0383601114153862;0.9887937903404236;0.03726481273770332
208;0.9888375401496887;0.038327377289533615;0.9888235330581665;0.03723083809018135
209;0.9888259768486023;0.0384458526968956;0.9887565970420837;0.03747614845633507
210;0.9888337254524231;0.0383668914437294;0.9887933731079102;0.037320997565984726
211;0.9888371825218201;0.038304004818201065;0.9887738823890686;0.03735900670289993
212;0.9888381958007812;0.038276307284832;0.9887698292732239;0.03734742850065231
213;0.9888380169868469;0.0382523313164711;0.9887979030609131;0.03730078414082527
214;0.988835871219635;0.03825010359287262;0.9888108968734741;0.037371087819337845
215;0.988840639591217;0.0382014662027359;0.9887803196907043;0.03724830970168114
216;0.9888415336608887;0.038178879767656326;0.9888107180595398;0.037235110998153687
217;0.9888429641723633;0.03814547881484032;0.9888126850128174;0.037582047283649445
218;0.9888416528701782;0.03814305365085602;0.9887958765029907;0.037551723420619965
219;0.9888425469398499;0.03811686486005783;0.9887914061546326;0.03795958682894707
220;0.9888439178466797;0.0380885973572731;0.9887935519218445;0.03803516551852226
221;0.9888425469398499;0.03807976096868515;0.9887756109237671;0.037715502083301544
222;0.9888432621955872;0.03806603327393532;0.9887997508049011;0.03710290789604187
223;0.9888449311256409;0.038033485412597656;0.9888023734092712;0.037907104939222336
224;0.9888454675674438;0.038009170442819595;0.9888017177581787;0.03874525800347328
225;0.9888461828231812;0.03799023851752281;0.9887941479682922;0.03737888112664223
226;0.9888482093811035;0.037957869470119476;0.9887948632240295;0.03694735839962959
227;0.9888467192649841;0.03794454038143158;0.9888027906417847;0.037445034831762314
228;0.9888469576835632;0.03792092204093933;0.9888043999671936;0.03704213351011276
229;0.9888470768928528;0.03791643679141998;0.9888185262680054;0.037436239421367645
230;0.9888222813606262;0.038251835852861404;0.9887768626213074;0.037120454013347626
231;0.9888423681259155;0.037990182638168335;0.9887877702713013;0.03716649115085602
232;0.9888458847999573;0.037892527878284454;0.9888073205947876;0.03703509643673897
233;0.9888507127761841;0.03784363344311714;0.9888206720352173;0.0374695248901844
234;0.9888505935668945;0.0378202423453331;0.9887760281562805;0.04054301604628563
235;0.9888230562210083;0.03821035102009773;0.9888350367546082;0.03711020573973656
236;0.9888451099395752;0.037883177399635315;0.9888212084770203;0.03778282180428505
237;0.9888451099395752;0.03785852715373039;0.9887997508049011;0.037802498787641525
238;0.9888508915901184;0.03777133300900459;0.9888285398483276;0.03781765699386597
239;0.9888518452644348;0.037774261087179184;0.9887838363647461;0.03779086843132973
240;0.9888542294502258;0.037702158093452454;0.9888105988502502;0.03779970109462738
241;0.9888566732406616;0.03764753043651581;0.988839864730835;0.03661419823765755
242;0.9888574481010437;0.03763150796294212;0.9888420701026917;0.03742794692516327
243;0.9888548851013184;0.03762773051857948;0.9888063669204712;0.0366915762424469
244;0.988860011100769;0.037568751722574234;0.9888478517532349;0.03665339946746826
245;0.9888614416122437;0.03753608837723732;0.988837480545044;0.03711024299263954
246;0.9888598322868347;0.03751041740179062;0.9888588786125183;0.03642332926392555
247;0.9888607263565063;0.037493862211704254;0.9888044595718384;0.03652149438858032
248;0.988861083984375;0.03747441992163658;0.98881995677948;0.03664092347025871
249;0.9888608455657959;0.03745358809828758;0.9888094663619995;0.03658571094274521
250;0.9888614416122437;0.03742256388068199;0.9888339638710022;0.03633568435907364
251;0.9888648390769958;0.037388697266578674;0.988837480545044;0.03627663850784302
252;0.9888651967048645;0.037340082228183746;0.9888466000556946;0.036262642592191696
253;0.9888673424720764;0.03730745241045952;0.9888172149658203;0.036305021494627
254;0.9888663291931152;0.03728991746902466;0.9888201951980591;0.03623922914266586
255;0.9888693690299988;0.03723321482539177;0.9888538122177124;0.036659665405750275
256;0.9888692498207092;0.03723718598484993;0.9888256192207336;0.036153681576251984
257;0.9888733625411987;0.037169091403484344;0.9888243675231934;0.03609388694167137
258;0.9888728260993958;0.03714471682906151;0.9888351559638977;0.0360560268163681
259;0.9888748526573181;0.037104491144418716;0.9888486266136169;0.035970818251371384
260;0.9888769388198853;0.03706841543316841;0.9888292551040649;0.03598318621516228
261;0.988875150680542;0.03703957051038742;0.9888496994972229;0.035957105457782745
262;0.9888796806335449;0.03700176998972893;0.9888545870780945;0.03592083603143692
263;0.98888099193573;0.03696313127875328;0.9888607263565063;0.03583553433418274
264;0.988865077495575;0.037148360162973404;0.9888317584991455;0.03605685383081436
265;0.988876461982727;0.03699592500925064;0.9888720512390137;0.035794295370578766
266;0.9888814687728882;0.0368938110768795;0.9888623356819153;0.035820286720991135
267;0.9888858199119568;0.036832381039857864;0.9888842105865479;0.03572073578834534
268;0.9888902306556702;0.03678456321358681;0.9888776540756226;0.035627227276563644
269;0.9888917803764343;0.03673829510807991;0.988888680934906;0.0355864092707634
270;0.9888936281204224;0.03670086711645126;0.9888893365859985;0.03552358224987984
271;0.9888951182365417;0.03666415065526962;0.9888529181480408;0.0355822779238224
272;0.9888954162597656;0.03664664924144745;0.9889233112335205;0.0354127399623394
273;0.9888988733291626;0.03660232573747635;0.9888840913772583;0.03543023020029068
274;0.9889029860496521;0.03653351962566376;0.988898515701294;0.03542086109519005
275;0.9889032244682312;0.03650563210248947;0.98893141746521;0.035336934030056
276;0.9889055490493774;0.036472298204898834;0.9888991117477417;0.03530886769294739
277;0.9889061450958252;0.036430153995752335;0.9889016151428223;0.035225387662649155
278;0.9889112114906311;0.03637927398085594;0.9889213442802429;0.03525340184569359
279;0.988913357257843;0.03633347526192665;0.9889034032821655;0.03510583937168121
280;0.9889113903045654;0.036346424371004105;0.9889144897460938;0.03516358882188797
281;0.9889172911643982;0.03626126050949097;0.9889368414878845;0.03499656915664673
282;0.9889227747917175;0.03619419038295746;0.988929808139801;0.035021938383579254
283;0.9889281392097473;0.03615487366914749;0.9889281988143921;0.03497547656297684
284;0.9889293313026428;0.03610735014081001;0.9889664053916931;0.03494106978178024
285;0.9889339208602905;0.03605750948190689;0.9889407157897949;0.034892186522483826
286;0.988935649394989;0.036023471504449844;0.9889634847640991;0.03478899225592613
287;0.9889343976974487;0.03601028397679329;0.9889653325080872;0.03470068797469139
288;0.9889415502548218;0.035941217094659805;0.9889669418334961;0.03472420573234558
289;0.9889135360717773;0.036407001316547394;0.9888385534286499;0.035749729722738266
290;0.988864004611969;0.03670834004878998;0.9888545274734497;0.03538313880562782
291;0.9888445734977722;0.036719899624586105;0.9888943433761597;0.03508373349905014
292;0.9888999462127686;0.03616568446159363;0.988947331905365;0.0347064808011055
293;0.9889247417449951;0.03599898889660835;0.9889634847640991;0.03460890054702759
294;0.9889366626739502;0.035885509103536606;0.9889567494392395;0.034512463957071304
295;0.9889472126960754;0.03578094020485878;0.9889740943908691;0.034433942288160324
296;0.9889553785324097;0.03570197895169258;0.9889832139015198;0.034350715577602386
297;0.9889647364616394;0.035632189363241196;0.9890137910842896;0.03429938480257988
298;0.9889696836471558;0.035582300275564194;0.9890266060829163;0.03419879823923111
299;0.9889737367630005;0.03553183749318123;0.988986074924469;0.03421983867883682
300;0.9889563918113708;0.03573086857795715;0.9889898896217346;0.03448993340134621
301;0.9889487624168396;0.03574284911155701;0.9889901280403137;0.03427892550826073
302;0.9889283180236816;0.036073844879865646;0.9889886379241943;0.03436603397130966
303;0.9889712929725647;0.035665810108184814;0.9890255928039551;0.03408605977892876
304;0.9889845252037048;0.03546179085969925;0.9890114068984985;0.033987853676080704
305;0.9889776110649109;0.03554951399564743;0.9890211820602417;0.03406926617026329
306;0.9889798164367676;0.03558744490146637;0.9890235662460327;0.03405430540442467
307;0.9889951348304749;0.035391438752412796;0.9890136122703552;0.034017156809568405
308;0.9890084862709045;0.03524719178676605;0.9890803694725037;0.03372938930988312
309;0.989021897315979;0.035121046006679535;0.9890750050544739;0.03368530422449112
310;0.9890318512916565;0.035046886652708054;0.9890806078910828;0.03362186998128891
311;0.9890376329421997;0.03498632460832596;0.9890975952148438;0.03356972336769104
312;0.9890447854995728;0.03492752090096474;0.9890836477279663;0.033557094633579254
313;0.9890497922897339;0.03486286848783493;0.9891335368156433;0.03346956521272659
314;0.9890576004981995;0.03481172025203705;0.9891377091407776;0.033377259969711304
315;0.9890454411506653;0.03489979729056358;0.9891214966773987;0.033330611884593964
316;0.9890673756599426;0.03469652682542801;0.9891375303268433;0.0332534983754158
317;0.9890761971473694;0.03464936465024948;0.9891474843025208;0.03326202556490898
318;0.9890839457511902;0.034590255469083786;0.989154040813446;0.033177316188812256
319;0.9890890121459961;0.03451932594180107;0.9891826510429382;0.033071283251047134
320;0.9890971779823303;0.03445582464337349;0.9891784191131592;0.03305991366505623
321;0.9891029596328735;0.03440012410283089;0.9891985058784485;0.032935529947280884
322;0.9891099333763123;0.03432457521557808;0.9891843795776367;0.03293267637491226
323;0.9891178011894226;0.03427145257592201;0.9892222285270691;0.032819412648677826
324;0.9891266822814941;0.034209445118904114;0.9891860485076904;0.03278730437159538
325;0.9891290068626404;0.034156519919633865;0.9892445206642151;0.032699212431907654
326;0.9891372323036194;0.03411421924829483;0.9892497062683105;0.03269778937101364
327;0.9891493320465088;0.03402402624487877;0.9892721772193909;0.03260630741715431
328;0.9891547560691833;0.03399434685707092;0.9892534017562866;0.0326029434800148
329;0.9891626834869385;0.03391026705503464;0.9892449975013733;0.032750923186540604
330;0.9891688227653503;0.03385934233665466;0.9892736673355103;0.032513346523046494
331;0.989177405834198;0.033811021596193314;0.9892709851264954;0.03245004639029503
332;0.9891900420188904;0.03370362147688866;0.989357054233551;0.03223636373877525
333;0.9892005920410156;0.03362135589122772;0.9893726110458374;0.032384928315877914
334;0.9892061352729797;0.03358243405818939;0.989334225654602;0.03218020126223564
335;0.9892171621322632;0.03348303958773613;0.9894211292266846;0.032073892652988434
336;0.9892304539680481;0.03341493755578995;0.9894130229949951;0.03194664791226387
337;0.9892327189445496;0.03342695161700249;0.989250123500824;0.0333673432469368
338;0.9891140460968018;0.03441911190748215;0.9892621040344238;0.03244587033987045
339;0.9891846179962158;0.03373700752854347;0.9893255233764648;0.03213929757475853
340;0.989223837852478;0.033450886607170105;0.9894368648529053;0.03186529874801636
341;0.9892499446868896;0.03326791152358055;0.9894782900810242;0.03175733983516693
342;0.9892622828483582;0.033177874982357025;0.9894644021987915;0.03171124681830406
343;0.9892783164978027;0.03307385742664337;0.9895011186599731;0.031591057777404785
344;0.989292323589325;0.0329749695956707;0.9895159006118774;0.031530383974313736
345;0.9892584681510925;0.03322695195674896;0.9894761443138123;0.03169945627450943
346;0.9893006086349487;0.032922472804784775;0.989532470703125;0.03144669160246849
347;0.9893172979354858;0.03279544785618782;0.9895508289337158;0.03135627880692482
348;0.9893317222595215;0.03271083906292915;0.9895709156990051;0.03127264603972435
349;0.9893436431884766;0.03262072056531906;0.9895579218864441;0.03127540275454521
350;0.9893524050712585;0.03258127719163895;0.9896025061607361;0.031205154955387115
351;0.9893671870231628;0.03249400481581688;0.9896239638328552;0.031069397926330566
352;0.9893783926963806;0.032412346452474594;0.9896533489227295;0.03099880926311016
353;0.9893847703933716;0.032380033284425735;0.9896542429924011;0.03099130094051361
354;0.9893923997879028;0.032326068729162216;0.989651620388031;0.03098107874393463
355;0.9894099235534668;0.03221752122044563;0.9896851181983948;0.030837852507829666
356;0.9894187450408936;0.0321500264108181;0.9897122979164124;0.03076894022524357
357;0.9894310832023621;0.03207305073738098;0.9897316694259644;0.030765101313591003
358;0.989439070224762;0.032023679465055466;0.9897333383560181;0.03071463480591774
359;0.9894466400146484;0.031987015157938004;0.9897423386573792;0.03066413849592209
360;0.9894519448280334;0.03196083381772041;0.9897535443305969;0.030770713463425636
361;0.989458441734314;0.03193635493516922;0.9897891879081726;0.03054041415452957
362;0.9894726872444153;0.031841617077589035;0.9897902607917786;0.030445760115981102
363;0.9894821047782898;0.0317828431725502;0.9897363185882568;0.03212178498506546
364;0.989396333694458;0.03251316770911217;0.9897518754005432;0.030751308426260948
365;0.9894765615463257;0.0318208672106266;0.9898126125335693;0.030346937477588654
366;0.9894782900810242;0.03183703497052193;0.9898116588592529;0.030414240434765816
367;0.9894669651985168;0.03193456307053566;0.9897965788841248;0.030320242047309875
368;0.9895127415657043;0.031598176807165146;0.9898567199707031;0.03014202229678631
369;0.9895337224006653;0.031457677483558655;0.9898606538772583;0.030108792707324028
370;0.9895492792129517;0.031357649713754654;0.9898030161857605;0.030310535803437233
371;0.9895576238632202;0.03129089996218681;0.9899170994758606;0.029932714998722076
372;0.9895700812339783;0.03122328594326973;0.98991459608078;0.02995413728058338
373;0.9895519614219666;0.03135991841554642;0.9898782968521118;0.03011484071612358
374;0.989587128162384;0.031129665672779083;0.9899482131004333;0.02980884350836277
375;0.9896035194396973;0.031009182333946228;0.9899227619171143;0.02983010560274124
376;0.9896171689033508;0.030931390821933746;0.9899863004684448;0.029701685532927513
377;0.9896304607391357;0.030859017744660378;0.9899651408195496;0.029686030000448227
378;0.9896374344825745;0.03079107031226158;0.9899850487709045;0.02959907427430153
379;0.9896500110626221;0.030724452808499336;0.9899775981903076;0.029600419104099274
380;0.9896561503410339;0.03069353848695755;0.9899997115135193;0.029553353786468506
381;0.9896678328514099;0.03061027266085148;0.9899831414222717;0.029555007815361023
382;0.9896757006645203;0.03056488186120987;0.9899827837944031;0.0295785553753376
383;0.9896855354309082;0.030499009415507317;0.9899941086769104;0.029487742111086845
384;0.9896826148033142;0.03051070123910904;0.9900274872779846;0.029489921405911446
385;0.9897050857543945;0.030383652076125145;0.9900550246238708;0.029312431812286377
386;0.9897142648696899;0.03031901642680168;0.9900692105293274;0.029317378997802734
387;0.9897319674491882;0.0302358977496624;0.9900503754615784;0.0292655061930418
388;0.9897293448448181;0.03022044710814953;0.9900959730148315;0.029216334223747253
389;0.9897505044937134;0.030134353786706924;0.9901055693626404;0.02911940962076187
390;0.9897555112838745;0.030084993690252304;0.9900931715965271;0.0291113443672657
391;0.9897633790969849;0.030027730390429497;0.9901185035705566;0.029098298400640488
392;0.9897682070732117;0.030002212151885033;0.9901216626167297;0.029025306925177574
393;0.9897829294204712;0.0299204234033823;0.9901401400566101;0.029001889750361443
394;0.9897969365119934;0.0298311784863472;0.9901536703109741;0.02892652340233326
395;0.9898051619529724;0.02978057973086834;0.9901443123817444;0.02890908718109131
396;0.9897736310958862;0.030013468116521835;0.990149199962616;0.02914082445204258
397;0.9897967576980591;0.029863791540265083;0.9901685118675232;0.028878699988126755
398;0.9898241758346558;0.029679372906684875;0.9901920557022095;0.028813062235713005
399;0.9898290634155273;0.029652053490281105;0.9901655912399292;0.028796499595046043
400;0.9898536205291748;0.02949737012386322;0.990195631980896;0.028726520016789436
401;0.9898552894592285;0.02947310172021389;0.9902259111404419;0.02863614819943905
402;0.9898698925971985;0.029371382668614388;0.9902384877204895;0.028580693528056145
403;0.9898775219917297;0.029308857396245003;0.9902148246765137;0.028563566505908966
404;0.9898880124092102;0.029243551194667816;0.9902388453483582;0.028528643772006035
405;0.9898970127105713;0.029188944026827812;0.9902341365814209;0.028508858755230904
406;0.9899022579193115;0.029161397367715836;0.9902592897415161;0.02845529466867447
407;0.9899210929870605;0.029052309691905975;0.9902807474136353;0.028410663828253746
408;0.9899256229400635;0.029017070308327675;0.9902754426002502;0.028410686179995537
409;0.9899128079414368;0.029104525223374367;0.9902662038803101;0.028427425771951675
410;0.9899489879608154;0.02889809012413025;0.9903087019920349;0.028267040848731995
411;0.9899641871452332;0.028829175978899002;0.9903212189674377;0.02822694554924965
412;0.9899650812149048;0.028802085667848587;0.9903246164321899;0.028198715299367905
413;0.9899793863296509;0.028717024251818657;0.9903306365013123;0.028149450197815895
414;0.989993155002594;0.028649045154452324;0.9903246760368347;0.028160106390714645
415;0.9899982213973999;0.028592487797141075;0.9903327822685242;0.028132902458310127
416;0.9900069236755371;0.028553934767842293;0.990342378616333;0.028047578409314156
417;0.9900199770927429;0.028499212116003036;0.990384042263031;0.028013400733470917
418;0.9900270104408264;0.028446324169635773;0.9903918504714966;0.027959564700722694
419;0.9900383353233337;0.02838493511080742;0.9903804063796997;0.027955295518040657
420;0.9900492429733276;0.028328927233815193;0.990352213382721;0.028007475659251213
421;0.9900608062744141;0.028275873512029648;0.9903964996337891;0.027944102883338928
422;0.9900678396224976;0.02824253775179386;0.9904099106788635;0.027832910418510437
423;0.9899603724479675;0.02889520302414894;0.9903226494789124;0.028344301506876945
424;0.9900089502334595;0.028621716424822807;0.9903658032417297;0.028044547885656357
425;0.9900734424591064;0.028245709836483;0.9904054403305054;0.027812352403998375
426;0.9901044368743896;0.02806723676621914;0.9904370307922363;0.02771996706724167
427;0.990119457244873;0.02797984518110752;0.9904407262802124;0.027693290263414383
428;0.9901300072669983;0.027910538017749786;0.9904659986495972;0.027624256908893585
429;0.990136444568634;0.02787470631301403;0.9904486536979675;0.027624858543276787
430;0.990145742893219;0.027832267805933952;0.9904748797416687;0.02758532576262951
431;0.9901630282402039;0.027755698189139366;0.9904781579971313;0.02757507562637329
432;0.9901676177978516;0.02771880477666855;0.9904999732971191;0.027559548616409302
433;0.9901780486106873;0.027674514800310135;0.990479588508606;0.027516858652234077
434;0.990172803401947;0.02771262265741825;0.9904487729072571;0.027702858671545982
435;0.9901903867721558;0.027635890990495682;0.9904865026473999;0.027533328160643578
436;0.9901833534240723;0.027658699080348015;0.9904828667640686;0.02750832960009575
437;0.9902032017707825;0.027569442987442017;0.9905332922935486;0.027335023507475853
438;0.9902278780937195;0.0274239219725132;0.9905558228492737;0.027303067967295647
439;0.9902390241622925;0.027395013719797134;0.9905516505241394;0.027256228029727936
440;0.9902515411376953;0.027316676452755928;0.9905443787574768;0.027276573702692986
441;0.9902608394622803;0.027265945449471474;0.9905405640602112;0.027312766760587692
442;0.99027419090271;0.027211574837565422;0.9905790686607361;0.027180232107639313
443;0.9902855753898621;0.027149789035320282;0.9905827045440674;0.027186114341020584
444;0.990296483039856;0.02709575928747654;0.9905952215194702;0.02714744582772255
445;0.9903019070625305;0.02707497589290142;0.9906027913093567;0.027134420350193977
446;0.9903131127357483;0.02701902948319912;0.9905781745910645;0.02714579738676548
447;0.9903273582458496;0.02696130983531475;0.9906089305877686;0.027062607929110527
448;0.9903302788734436;0.026957180351018906;0.99062180519104;0.02703297883272171
449;0.9903297424316406;0.026941142976284027;0.9906170964241028;0.02702547237277031
450;0.9903559684753418;0.026807386428117752;0.9906250834465027;0.026975266635417938
451;0.9903679490089417;0.026763392612338066;0.9906342625617981;0.027001162990927696
452;0.9903724193572998;0.026731818914413452;0.9906379580497742;0.026946838945150375
453;0.9903849959373474;0.02667618915438652;0.9906498789787292;0.02690223976969719
454;0.9901992082595825;0.02771860547363758;0.9904225468635559;0.0278102345764637
455;0.9902891516685486;0.02718845009803772;0.9906071424484253;0.027128441259264946
456;0.9903581738471985;0.02683352492749691;0.9906565546989441;0.026922928169369698
457;0.9903977513313293;0.026660121977329254;0.9906539916992188;0.026868021115660667
458;0.9904165863990784;0.02656007930636406;0.9906719326972961;0.02681531012058258
459;0.9904272556304932;0.02648216299712658;0.9906723499298096;0.026752138510346413
460;0.9904446601867676;0.02642073482275009;0.9906817078590393;0.026765430346131325
461;0.9904531240463257;0.02637382037937641;0.9907112121582031;0.02668088674545288
462;0.9904688596725464;0.026292234659194946;0.9907113313674927;0.026677275076508522
463;0.9904748201370239;0.026254666969180107;0.9907106161117554;0.026622816920280457
464;0.9904932975769043;0.026181433349847794;0.9907055497169495;0.02665592171251774
465;0.9904730916023254;0.026275331154465675;0.9907117486000061;0.026605019345879555
466;0.9905034303665161;0.026131343096494675;0.9907453656196594;0.026582326740026474
467;0.9905176162719727;0.02605527825653553;0.9907438158988953;0.02651255391538143
468;0.9905279278755188;0.026014419272542;0.9907369613647461;0.026498382911086082
469;0.9905382394790649;0.025958985090255737;0.9907352328300476;0.026557980105280876
470;0.9905447363853455;0.025936217978596687;0.9907387495040894;0.02646823599934578
471;0.9905577301979065;0.02587534673511982;0.9907758235931396;0.02642577886581421
472;0.9905651211738586;0.0258267093449831;0.9907482862472534;0.026474442332983017
473;0.9905745983123779;0.02579951286315918;0.9907752871513367;0.026361219584941864
474;0.9905896186828613;0.025731710717082024;0.990790843963623;0.02637794241309166
475;0.99058997631073;0.025724217295646667;0.9907888174057007;0.026319315657019615
476;0.990590512752533;0.02572012133896351;0.990779459476471;0.02637450397014618
477;0.9906119108200073;0.02561672031879425;0.9907926917076111;0.026270318776369095
478;0.9906158447265625;0.025600722059607506;0.9907940626144409;0.026281030848622322
479;0.9906283617019653;0.025533653795719147;0.9907847046852112;0.026287946850061417
480;0.9906405806541443;0.025494053959846497;0.9908188581466675;0.02620939165353775
481;0.9906533360481262;0.025429105386137962;0.9908375144004822;0.026127075776457787
482;0.9906529784202576;0.02542438916862011;0.9908022284507751;0.026242397725582123
483;0.9906447529792786;0.025482572615146637;0.9908257722854614;0.02612949348986149
484;0.9906671047210693;0.025363093242049217;0.9908288717269897;0.026133565232157707
485;0.9906764626502991;0.025305913761258125;0.9908401966094971;0.0261324942111969
486;0.9906938672065735;0.025239799171686172;0.9908497929573059;0.02607553079724312
487;0.9907059669494629;0.025178518146276474;0.9908469915390015;0.02606562152504921
488;0.990714967250824;0.025140587240457535;0.9908407330513;0.026045899838209152
489;0.9907174110412598;0.025120286270976067;0.9908390045166016;0.026102183386683464
490;0.9907289147377014;0.025077814236283302;0.9908532500267029;0.026044178754091263
491;0.9907397627830505;0.025020569562911987;0.99088054895401;0.02596454508602619
492;0.9907528758049011;0.02496206760406494;0.9908793568611145;0.02591841109097004
493;0.9907582402229309;0.02493417263031006;0.9908778667449951;0.025944560766220093
494;0.9907684326171875;0.024901743978261948;0.9908915758132935;0.02592526189982891
495;0.9907600283622742;0.024942295625805855;0.9908791184425354;0.025923902168869972
496;0.9907654523849487;0.02490192838013172;0.9907812476158142;0.026218285784125328
497;0.9907189607620239;0.025120466947555542;0.9909042716026306;0.02576511912047863
498;0.9907836318016052;0.02481769770383835;0.9909155368804932;0.02574758045375347
499;0.9908028244972229;0.024721164256334305;0.9909133911132812;0.025737930089235306
500;0.9908077120780945;0.02469928376376629;0.9909147620201111;0.0257490836083889
501;0.9908228516578674;0.024636706337332726;0.9909098744392395;0.025807278230786324
502;0.9908199906349182;0.02467728592455387;0.9908655881881714;0.025991231203079224
503;0.9908183217048645;0.0246663149446249;0.9909332394599915;0.025661440566182137
504;0.9908561110496521;0.024500811472535133;0.9909098744392395;0.02571072056889534
505;0.9908607006072998;0.024469273164868355;0.9909377694129944;0.02560623735189438
506;0.99086594581604;0.024442782625555992;0.9909500479698181;0.02563588134944439
507;0.9908772110939026;0.02440033294260502;0.990945041179657;0.025617288425564766
508;0.9908836483955383;0.02436881698668003;0.990943193435669;0.025583241134881973
509;0.9908925890922546;0.024325229227542877;0.9909343719482422;0.02562592551112175
510;0.9909006953239441;0.02429746277630329;0.9909526109695435;0.02561301365494728
511;0.9909105896949768;0.0242622010409832;0.9909582138061523;0.02558141015470028
512;0.9909126162528992;0.024243511259555817;0.9909816980361938;0.025508658960461617
513;0.9909180998802185;0.024212662130594254;0.9909737706184387;0.02549542859196663
514;0.9909207224845886;0.024200240150094032;0.990964949131012;0.02545936591923237
515;0.9909417629241943;0.02411678247153759;0.9910086989402771;0.025431204587221146
516;0.9909487962722778;0.024076098576188087;0.9909947514533997;0.025439471006393433
517;0.9909464120864868;0.024070819839835167;0.990957498550415;0.02552235871553421
518;0.9909593462944031;0.02402549982070923;0.991000771522522;0.025393733754754066
519;0.9909698367118835;0.023989597335457802;0.9910012483596802;0.025385398417711258
520;0.9909791946411133;0.02393471635878086;0.9910112619400024;0.025374652817845345
521;0.9909879565238953;0.02390390820801258;0.9910224080085754;0.025319581851363182
522;0.990994930267334;0.02388785593211651;0.991036593914032;0.02527885138988495
523;0.9910036325454712;0.023841559886932373;0.9910327792167664;0.025316627696156502
524;0.9910072684288025;0.023819822818040848;0.9910460114479065;0.025209728628396988
525;0.9910170435905457;0.02378704957664013;0.9910369515419006;0.025226792320609093
526;0.9910227060317993;0.023740315809845924;0.9910504817962646;0.02521336078643799
527;0.991035521030426;0.023695627227425575;0.9910798668861389;0.02513923868536949
528;0.9910477995872498;0.023643340915441513;0.9910364151000977;0.025208570063114166
529;0.991050124168396;0.023647179827094078;0.9910672903060913;0.02513592503964901
530;0.9910555481910706;0.0236149113625288;0.9910590052604675;0.02518516778945923
531;0.9910630583763123;0.023590952157974243;0.9910532236099243;0.02512620948255062
532;0.991069495677948;0.023556102067232132;0.9910774827003479;0.025074541568756104
533;0.9910792708396912;0.02351330779492855;0.9910585284233093;0.025070544332265854
534;0.991093099117279;0.02346009574830532;0.9910939931869507;0.0250384621322155
535;0.9910981059074402;0.02344081550836563;0.9911068081855774;0.025035802274942398
536;0.9911035299301147;0.023413412272930145;0.9910997152328491;0.02495427429676056
537;0.9911152720451355;0.02337980456650257;0.9911198019981384;0.024944661185145378
538;0.9911260008811951;0.023323114961385727;0.9911285638809204;0.024926548823714256
539;0.9911288619041443;0.02331371419131756;0.9911298155784607;0.024915460497140884
540;0.9911390542984009;0.023273352533578873;0.9911133646965027;0.024934664368629456
541;0.9911457300186157;0.023247813805937767;0.9911326766014099;0.024864796549081802
542;0.9911527037620544;0.023223310708999634;0.9911471009254456;0.024820368736982346
543;0.9911558032035828;0.023201344534754753;0.9911359548568726;0.02477298490703106
544;0.9911668300628662;0.023163912817835808;0.9911516308784485;0.024776795879006386
545;0.9911785125732422;0.023118557408452034;0.9911163449287415;0.024881748482584953
546;0.9911829829216003;0.023102371022105217;0.9911624789237976;0.024714883416891098
547;0.9911921620368958;0.02305789664387703;0.9911585450172424;0.024723771959543228
548;0.9911933541297913;0.023046545684337616;0.9911438822746277;0.024760179221630096
549;0.9911976456642151;0.023040305823087692;0.9911763072013855;0.02462800219655037
550;0.9912063479423523;0.023000415414571762;0.9911717176437378;0.024626199156045914
551;0.9912229180335999;0.02293424680829048;0.9911773204803467;0.024661613628268242
552;0.9912291765213013;0.022908560931682587;0.991196870803833;0.024575650691986084
553;0.9912330508232117;0.022884279489517212;0.991205632686615;0.02455125004053116
554;0.9912367463111877;0.022875292226672173;0.9912009239196777;0.02458030730485916
555;0.9912401437759399;0.022869883105158806;0.9912135601043701;0.024501411244273186
556;0.9912551641464233;0.02279975824058056;0.991202175617218;0.02452610805630684
557;0.9912625551223755;0.02277291938662529;0.99122154712677;0.02448675036430359
558;0.9912658929824829;0.022760022431612015;0.9912204146385193;0.024459704756736755
559;0.991270899772644;0.0227318424731493;0.9912421703338623;0.02443324588239193
560;0.9912822842597961;0.02268313616514206;0.9912275075912476;0.02446388080716133
561;0.9912927746772766;0.022659067064523697;0.9912468791007996;0.02439749799668789
562;0.991298258304596;0.02262524515390396;0.9912509918212891;0.02433508262038231
563;0.9913016557693481;0.022618545219302177;0.9912620186805725;0.024322934448719025
564;0.9913076758384705;0.0225920919328928;0.991274356842041;0.024293622002005577
565;0.9913154244422913;0.022561846300959587;0.9912687540054321;0.024284612387418747
566;0.991328775882721;0.02251235954463482;0.9912750720977783;0.024277418851852417
567;0.9913355708122253;0.022490011528134346;0.9912821650505066;0.02424829825758934
568;0.9913400411605835;0.022467728704214096;0.9912866950035095;0.024228466674685478
569;0.9913372993469238;0.022471468895673752;0.9913061857223511;0.024144615978002548
570;0.991346538066864;0.02244134619832039;0.9913051128387451;0.0241459421813488
571;0.9913472533226013;0.022439314052462578;0.9912815690040588;0.024183180183172226
572;0.9913650155067444;0.022380249574780464;0.9913198351860046;0.024097319692373276
573;0.9913695454597473;0.02234775386750698;0.991307258605957;0.024138707667589188
574;0.9913740754127502;0.02232274040579796;0.9913304448127747;0.024053780362010002
575;0.9913848042488098;0.022288477048277855;0.9913420677185059;0.024048468098044395
576;0.991385817527771;0.022284846752882004;0.9913173913955688;0.024037567898631096
577;0.9913967251777649;0.022252995520830154;0.9913143515586853;0.024103177711367607
578;0.9913988709449768;0.022225365042686462;0.9913467168807983;0.023994222283363342
579;0.9914068579673767;0.02220786176621914;0.9913570880889893;0.02395613119006157
580;0.9914028644561768;0.02221503108739853;0.9913519620895386;0.023979399353265762
581;0.9914146661758423;0.022177819162607193;0.9913530349731445;0.023962512612342834
582;0.9914273023605347;0.02212563529610634;0.9913651943206787;0.023852569982409477
583;0.9914330244064331;0.022100605070590973;0.9913638830184937;0.02391340769827366
584;0.9914364814758301;0.02209356613457203;0.9913647174835205;0.02386396937072277
585;0.9914370179176331;0.022085897624492645;0.9913926720619202;0.02383503131568432
586;0.9914435148239136;0.022062627598643303;0.9913809895515442;0.023849911987781525
587;0.9914464950561523;0.022048380225896835;0.9913883805274963;0.0238230898976326
588;0.9914568066596985;0.022007452324032784;0.9914024472236633;0.023781858384609222
589;0.9914592504501343;0.021991625428199768;0.9913984537124634;0.023783264681696892
590;0.9914670586585999;0.02197553589940071;0.9914054274559021;0.023738037794828415
591;0.9914723634719849;0.021945277228951454;0.9914026856422424;0.02370552532374859
592;0.9914789795875549;0.021923908963799477;0.9914318323135376;0.023699676617980003
593;0.991489589214325;0.02188713103532791;0.991422176361084;0.023678692057728767
594;0.991485595703125;0.021886447444558144;0.991417646408081;0.023675981909036636
595;0.9914934635162354;0.02186477929353714;0.9913998246192932;0.02370239421725273
596;0.9915018081665039;0.02182978391647339;0.9914478659629822;0.023565305396914482
597;0.9915077686309814;0.021813469007611275;0.991442859172821;0.02363354153931141
598;0.9915146827697754;0.021793870255351067;0.9914401769638062;0.02359089069068432
599;0.9915145039558411;0.021779295057058334;0.9914562106132507;0.02350536175072193
600;0.9915168285369873;0.02176744118332863;0.9914600253105164;0.02357855997979641
601;0.9915248155593872;0.02175251394510269;0.9914711117744446;0.023516686633229256
602;0.9915329217910767;0.02171989530324936;0.991478443145752;0.023465875536203384
603;0.9915366172790527;0.021707063540816307;0.9914623498916626;0.02348170056939125
604;0.9915381669998169;0.021696394309401512;0.9914882779121399;0.023409102112054825
605;0.9915456771850586;0.021666640415787697;0.9914779663085938;0.0234224833548069
606;0.9915463924407959;0.021663900464773178;0.9914736151695251;0.023432690650224686
607;0.9915502071380615;0.021645724773406982;0.9915018081665039;0.023381881415843964
608;0.991558313369751;0.021616730839014053;0.9914960265159607;0.023379137739539146
609;0.9915670156478882;0.021586276590824127;0.9914988875389099;0.023358067497611046
610;0.9915650486946106;0.02158373035490513;0.9915032386779785;0.023334888741374016
611;0.9915738701820374;0.021559910848736763;0.9915151000022888;0.023288335651159286
612;0.9915774464607239;0.021532675251364708;0.991520881652832;0.023310646414756775
613;0.9915841817855835;0.02151835337281227;0.9915186166763306;0.023305771872401237
614;0.9915874004364014;0.021508751437067986;0.9915168881416321;0.023283785209059715
615;0.9915896058082581;0.02150047942996025;0.9915285706520081;0.02323218062520027
616;0.9915883541107178;0.021491138264536858;0.9915175437927246;0.023309115320444107
617;0.9915957450866699;0.021478841081261635;0.991535484790802;0.023202206939458847
618;0.9916023015975952;0.021441543474793434;0.9915456175804138;0.0232226625084877
619;0.991608202457428;0.02142423577606678;0.9915454387664795;0.02316451445221901
620;0.9916138052940369;0.02140764705836773;0.9915449023246765;0.023190947249531746
621;0.9916176795959473;0.021390533074736595;0.9915626645088196;0.023143818601965904
622;0.991615891456604;0.0213856790214777;0.9915570020675659;0.0231335312128067
623;0.9916217923164368;0.021366458386182785;0.991560697555542;0.02310970239341259
624;0.9916273951530457;0.021354053169488907;0.9915539622306824;0.023121120408177376
625;0.9916326999664307;0.02132735773921013;0.9915856719017029;0.02304094098508358
626;0.9916357398033142;0.02131294645369053;0.991576611995697;0.023046115413308144
627;0.9916453957557678;0.02128496952354908;0.9915807843208313;0.023030061274766922
628;0.9916431307792664;0.02128767967224121;0.9915660619735718;0.023045137524604797
629;0.9916495084762573;0.021266909316182137;0.9916006326675415;0.022988470271229744
630;0.9916530847549438;0.021249322220683098;0.991589367389679;0.02299751527607441
631;0.9916545152664185;0.021231144666671753;0.9915825128555298;0.02302950993180275
632;0.9916532635688782;0.021251678466796875;0.9916026592254639;0.022951845079660416
633;0.9916558265686035;0.021235696971416473;0.9916087985038757;0.02290394715964794
634;0.991669237613678;0.021196261048316956;0.9916093349456787;0.0229226965457201
635;0.9916719198226929;0.0211745947599411;0.9916089773178101;0.022890301421284676
636;0.9916757345199585;0.021161159500479698;0.9915947914123535;0.02293989807367325
637;0.9916788339614868;0.021149707958102226;0.9916214346885681;0.022895485162734985
638;0.9916811585426331;0.0211417805403471;0.9916185140609741;0.022867504507303238
639;0.9916872978210449;0.02112221159040928;0.9916412234306335;0.02280367724597454
640;0.9916889667510986;0.021109141409397125;0.9916330575942993;0.022836891934275627
641;0.9916949272155762;0.021089017391204834;0.9916495084762573;0.022774988785386086
642;0.9916958808898926;0.021077699959278107;0.9916371703147888;0.022798258811235428
643;0.9916998147964478;0.021065272390842438;0.9916524291038513;0.022777283564209938
644;0.991706132888794;0.021050922572612762;0.9916467666625977;0.022771719843149185
645;0.9917064905166626;0.02104228548705578;0.9916589260101318;0.022766977548599243
646;0.9917160868644714;0.021020272746682167;0.9916525483131409;0.0227200984954834
647;0.9917124509811401;0.021020453423261642;0.9916672706604004;0.02269895002245903
648;0.9917202591896057;0.020991528406739235;0.9916605949401855;0.022702934220433235
649;0.9917236566543579;0.0209746602922678;0.9916753768920898;0.022688541561365128
650;0.9917261004447937;0.020969251170754433;0.991669237613678;0.022683361545205116
651;0.9917238354682922;0.02097463607788086;0.9916809797286987;0.022678911685943604
652;0.9917303919792175;0.020952925086021423;0.9916849136352539;0.022631049156188965
653;0.9917371273040771;0.020921889692544937;0.9916805028915405;0.022682668641209602
654;0.9917392730712891;0.020910613238811493;0.9916965365409851;0.022597987204790115
655;0.991747260093689;0.02089763432741165;0.9917131662368774;0.022589975968003273
656;0.9917450547218323;0.02089862711727619;0.9917009472846985;0.02260451391339302
657;0.9917488098144531;0.020884405821561813;0.991705060005188;0.02254829928278923
658;0.9917537569999695;0.020859435200691223;0.9917076230049133;0.022563083097338676
659;0.9917571544647217;0.020852966234087944;0.9917320013046265;0.02253900282084942
660;0.9917603731155396;0.020828772336244583;0.9917315244674683;0.022518223151564598
661;0.9917612075805664;0.020827101543545723;0.9917300343513489;0.022487148642539978
662;0.9917690753936768;0.020816640928387642;0.991727888584137;0.022477999329566956
663;0.9917671084403992;0.02081158012151718;0.9917410612106323;0.022434821352362633
664;0.9917721748352051;0.02078581042587757;0.991741418838501;0.022457487881183624
665;0.9917749166488647;0.02077193185687065;0.991741955280304;0.022444656118750572
666;0.9917784929275513;0.020762808620929718;0.9917460083961487;0.022416478022933006
667;0.991782546043396;0.020749755203723907;0.9917388558387756;0.022463064640760422
668;0.9917844533920288;0.02073485590517521;0.9917553663253784;0.02239195443689823
669;0.9917845129966736;0.020736657083034515;0.99175626039505;0.02236742340028286
670;0.9917948246002197;0.020706376060843468;0.9917643666267395;0.022351747378706932
671;0.9917975068092346;0.020695708692073822;0.991760790348053;0.022402485832571983
672;0.991797924041748;0.02068934217095375;0.9917687177658081;0.022313226014375687
673;0.9917969703674316;0.020683715119957924;0.9917560815811157;0.02234252169728279
674;0.9918040633201599;0.0206715427339077;0.9917799830436707;0.022284027189016342
675;0.9918060898780823;0.020650634542107582;0.991779088973999;0.022264178842306137
676;0.9918105006217957;0.020644597709178925;0.9917700290679932;0.02229764126241207
677;0.9918125867843628;0.020630568265914917;0.9917849898338318;0.022286083549261093
678;0.9918118119239807;0.020635345950722694;0.9917901158332825;0.022256014868617058
679;0.9918180108070374;0.020611830055713654;0.9917902946472168;0.022245191037654877
680;0.9918201565742493;0.020597878843545914;0.9917895793914795;0.022254211828112602
681;0.9918239712715149;0.02057621069252491;0.991798996925354;0.022187400609254837
682;0.9918309450149536;0.020568767562508583;0.9917919635772705;0.022248081862926483
683;0.9918282628059387;0.020568016916513443;0.9917921423912048;0.022235624492168427
684;0.9918326139450073;0.020552249625325203;0.9918159246444702;0.02218933030962944
685;0.9918391704559326;0.02053556777536869;0.9918133020401001;0.022203436121344566
686;0.9918373227119446;0.020531723275780678;0.9918071627616882;0.0221919734030962
687;0.9918369650840759;0.0205336082726717;0.991825520992279;0.022159574553370476
688;0.9918437004089355;0.020510761067271233;0.9918204545974731;0.02214730530977249
689;0.9918501377105713;0.020492753013968468;0.991829514503479;0.022130299359560013
690;0.9918467998504639;0.0204920656979084;0.9918261170387268;0.02211408130824566
691;0.9918518662452698;0.02048504166305065;0.9918273687362671;0.022110698744654655
692;0.9918561577796936;0.020462533459067345;0.9918524026870728;0.022103725001215935
693;0.9918555617332458;0.020461302250623703;0.991821825504303;0.02211718261241913
694;0.9918603301048279;0.020444776862859726;0.9918382167816162;0.022052356973290443
